,未加收益总额,增加收益总额
0,0.0,0.0
1,2000.0,2000.1451
2,2000.0,2000.2898705023379
3,2000.0,2000.4315110280681
4,2000.0,2000.5653999091012
5,2000.0,2000.7138618674285
6,2000.0,2000.8574531012946
7,2000.0,2001.0010346321292
8,2000.0,2001.144606456364
9,2000.0,2001.288148558985
10,2000.0,2001.4317009578813
11,2000.0,2001.575163582206
12,2000.0,2001.7185764426765
13,2000.0,2001.8753310243978
14,2000.0,2002.025431636718
15,2000.0,2002.1654733156608
16,2000.0,2002.3051644007342
17,2000.0,2002.4443045866083
18,2000.0,2002.5833342946758
19,2000.0,2002.7219931647423
20,2000.0,2002.8606616355491
21,2000.0,2003.0032653146577
22,2000.0,2003.143695873589
23,2000.0,2003.2824336059653
24,2000.0,2003.4220423587633
25,2000.0,2003.559897829498
26,2000.0,2003.6984840676307
27,2000.0,2003.8370197808192
28,2000.0,2003.9768274896894
29,2000.0,2004.1151820498594
30,2500.0,2504.288191367787
31,2500.0,2504.460486395353
32,2500.0,2504.63599898624
33,2500.0,2504.8078671084904
34,2500.0,2504.9797219762527
35,2500.0,2505.156899191988
36,2500.0,2505.3324355359146
37,2500.0,2505.509211792566
38,2500.0,2505.6824176443774
39,2500.0,2505.8548085947114
40,2500.0,2506.0267854102253
41,2500.0,2506.198448245026
42,2500.0,2506.3713508759706
43,2500.0,2506.5425861666627
44,2500.0,2506.71734231577
45,2500.0,2506.888902050678
46,2500.0,2507.06340658715
47,2500.0,2507.2347894416243
48,2500.0,2507.406158939483
49,2500.0,2507.579897112236
50,2500.0,2507.749986256657
51,2500.0,2507.925127515697
52,2500.0,2508.0971461001936
53,2500.0,2508.2695276170452
54,2500.0,2508.4386853139877
55,2500.0,2508.6078293345386
56,2500.0,2508.7780885479156
57,2500.0,2508.9463522943147
58,2500.0,2509.1149785786524
59,2500.0,2509.284996209601
60,2500.0,2509.447522598806
61,2500.0,2509.616333133651
62,2500.0,2509.7851048320545
63,2500.0,2509.953837684652
64,2500.0,2510.129735249597
65,2500.0,2510.29733661202
66,2500.0,2510.468463581457
67,2500.0,2510.640731927428
68,2500.0,2510.808693792394
69,2500.0,2510.9759889756615
70,2500.0,2511.1474635259488
71,2500.0,2511.3174430977547
72,2500.0,2511.484244802325
73,2500.0,2511.65080643744
74,2500.0,2511.8265215278584
75,2500.0,2511.992603497462
76,2500.0,2512.158646208553
77,2500.0,2512.330377373608
78,2500.0,2512.4971207407543
79,2500.0,2512.6626440510686
80,2500.0,2512.830590422197
81,2500.0,2512.9967890374473
82,2500.0,2513.1616164968405
83,2500.0,2513.326379372418
84,2500.0,2513.501859820226
85,2500.0,2513.666946622379
86,2500.0,2513.8371470113348
87,2500.0,2514.002431803751
88,2500.0,2514.16963810549
89,2500.0,2514.334341358482
90,2500.0,2514.4990302578412
91,2500.0,2514.6637047993327
92,2500.0,2514.8322878541026
93,2500.0,2514.997436890446
94,2500.0,2515.1623201224083
95,2500.0,2515.3269877995067
96,2500.0,2515.4919429433667
97,2500.0,2515.6568837500654
98,2500.0,2515.823797584302
99,2500.0,2515.9882066694745
100,2500.0,2516.153557414417
101,2500.0,2516.3179628878584
102,2500.0,2516.488644735281
103,2500.0,2516.652921114009
104,2500.0,2516.817157883641
105,2500.0,2516.987168882656
106,2500.0,2517.1535417345194
107,2500.0,2517.32365097087
108,2500.0,2517.488611189718
109,2500.0,2517.6537584426123
110,2500.0,2517.8186395872526
111,2500.0,2517.982952431672
112,2500.0,2518.1499198812476
113,2500.0,2518.3184848368846
114,2500.0,2518.483837628599
115,2500.0,2518.6494531257613
116,2500.0,2518.8152054462716
117,2500.0,2518.9812709327666
118,2500.0,2519.147095469832
119,2500.0,2519.3137118587265
120,2500.0,2519.479910984298
121,2500.0,2519.646599775209
122,2500.0,2519.813450773046
123,2500.0,2519.9799348477386
124,2500.0,2520.146228323639
125,2500.0,2520.3125327732464
126,2500.0,2520.4827294785846
127,2500.0,2520.64908133873
128,2500.0,2520.8156962430066
129,2500.0,2520.9822213279003
130,2500.0,2521.148732203619
131,2500.0,2521.3152540773813
132,2500.0,2521.4963097257764
133,2500.0,2521.6664098668307
134,2500.0,2521.8334702664843
135,2500.0,2522.001273065596
136,2500.0,2522.168935710229
137,2500.0,2522.3362816191134
138,2500.0,2522.5028819305144
139,2500.0,2522.6693671207217
140,2500.0,2522.838385968319
141,2500.0,2523.0046662463383
142,2500.0,2523.171007943984
143,2500.0,2523.3373101451175
144,2500.0,2523.5037494740945
145,2500.0,2523.670149311335
146,2500.0,2523.836534884279
147,2500.0,2524.0033857176004
148,2500.0,2524.1698942209564
149,2500.0,2524.3364641922763
150,2500.0,2524.5017829873163
151,2500.0,2524.666733933817
152,2500.0,2524.8324025648976
153,2500.0,2524.998082067154
154,2500.0,2525.1641511910116
155,2500.0,2525.330357495443
156,2500.0,2525.5006657747526
157,2500.0,2525.6687630990664
158,2500.0,2525.835305697305
159,2500.0,2526.0007226514754
160,2500.0,2526.1661504388017
161,2500.0,2526.3313617050403
162,2500.0,2526.496457459528
163,2500.0,2526.663787319905
164,2500.0,2526.8291069315096
165,2500.0,2527.0040140422916
166,2500.0,2527.168547273646
167,2500.0,2527.332787957533
168,2500.0,2527.498682081735
169,2500.0,2527.6629189460964
170,2500.0,2527.826686226615
171,2500.0,2527.9900849436126
172,2500.0,2528.1539239810177
173,2500.0,2528.3166612491045
174,2500.0,2528.4793837094226
175,2500.0,2528.642748762404
176,2500.0,2528.8054416368595
177,2500.0,2528.9665012554374
178,2500.0,2529.128582718503
179,2500.0,2529.2909274822277
180,2500.0,2529.4532573739534
181,2500.0,2529.615597684012
182,2500.0,2529.7777966361355
183,2500.0,2529.9402589662354
184,2500.0,2530.104907478289
185,2500.0,2530.267567922791
186,2500.0,2530.429403836435
187,2500.0,2530.5911741882223
188,2500.0,2530.7529295760764
189,2500.0,2530.91522676145
190,2500.0,2531.0774837366375
191,2500.0,2531.2388905477756
192,2500.0,2531.4004089013815
193,2500.0,2531.5625957255797
194,2500.0,2531.7238562629273
195,2500.0,2531.883810576166
196,2500.0,2532.0471677196247
197,2500.0,2532.2141055893926
198,2500.0,2532.374546675123
199,2500.0,2532.536238789928
200,2500.0,2532.6969282142795
201,2500.0,2532.8568173713575
202,2500.0,2533.0161593937382
203,2500.0,2533.17573941178
204,2500.0,2533.3444489160247
205,2500.0,2533.5041002831954
206,2500.0,2533.6636857064723
207,2500.0,2533.82307848894
208,2500.0,2533.9824812988077
209,2500.0,2534.141868796881
210,2500.0,2534.3006834677985
211,2500.0,2534.459432062611
212,2500.0,2534.6175569865773
213,2500.0,2534.7752101986216
214,2500.0,2534.9387538951837
215,2500.0,2535.0975424587277
216,2500.0,2535.2563409687873
217,2500.0,2535.4218678552893
218,2500.0,2535.5789118857842
219,2500.0,2535.7351542583347
220,2500.0,2535.895007002459
221,2500.0,2536.052638236094
222,2500.0,2536.2076164128166
223,2500.0,2536.3625786981793
224,2500.0,2536.525616084738
225,2500.0,2536.687598610581
226,2500.0,2536.850174918776
227,2500.0,2537.010072585301
228,2500.0,2537.1702086610826
229,2500.0,2537.330456331462
230,2500.0,2537.5099470879427
231,2500.0,2537.674910609603
232,2500.0,2537.8364082409144
233,2500.0,2537.998982041226
234,2500.0,2538.161794675924
235,2500.0,2538.3258614543315
236,2500.0,2538.488466609016
237,2500.0,2538.6511329499563
238,2500.0,2538.814901334543
239,2500.0,2538.9764461267146
240,2500.0,2539.138077367275
241,2500.0,2539.300302899038
242,2500.0,2539.4615484682718
243,2500.0,2539.622982038908
244,2500.0,2539.7844004756466
245,2500.0,2539.945524398013
246,2500.0,2540.106658542081
247,2500.0,2540.267777507432
248,2500.0,2540.4289066925594
249,2500.0,2540.5900206938218
250,2500.0,2540.751602219138
251,2500.0,2540.9128129082987
252,2500.0,2541.0740338262776
253,2500.0,2541.236230581857
254,2500.0,2541.397522845412
255,2500.0,2541.560858464205
256,2500.0,2541.724407905447
257,2500.0,2541.886417419207
258,5500.0,5542.23960184059
259,5500.0,5542.593141304791
260,5500.0,5542.948975784463
261,5500.0,5543.303502800954
262,5500.0,5543.659770917079
263,5500.0,5544.01644998674
264,5500.0,5544.3729302444735
265,5500.0,5544.729377980159
266,5500.0,5545.096882643332
267,5500.0,5545.4535432748235
268,5500.0,5545.810615028475
269,5500.0,5546.169262600949
270,5500.0,5546.526879595001
271,5500.0,5546.8843532523915
272,5500.0,5547.241849948959
273,5500.0,5547.615734049645
274,5500.0,5547.975385977683
275,5500.0,5548.33755781088
276,5500.0,5548.702250038555
277,5000.0,5049.033848802337
278,5000.0,5049.365418855188
279,5000.0,5049.697010682245
280,5000.0,5050.0285232909955
281,5000.0,5050.35909815813
282,5000.0,5050.691058261652
283,3500.0,3550.9238770743423
284,3500.0,3551.1633158713735
285,3500.0,3551.396769347759
286,3500.0,3551.630202657408
287,3500.0,3551.869475984161
288,3500.0,3552.1051780425873
289,3500.0,3552.341570642186
290,3500.0,3552.579257816678
291,3500.0,3552.8207621546244
292,3500.0,3553.056704981439
293,3500.0,3553.2910290711325
294,3500.0,3553.5351046319192
295,3500.0,3553.776460736226
296,3500.0,3554.015949731915
297,3500.0,3554.2585824008033
298,3500.0,3554.4990990790743
299,3500.0,3554.7396675781
300,3500.0,3554.980216811405
301,3500.0,3555.2215288685225
302,3500.0,3555.4669813628757
303,3500.0,3555.7100686403915
304,3500.0,3555.9534925516905
305,3500.0,3556.198675545002
306,3500.0,3556.4435553858
307,3500.0,3556.688452089024
308,3500.0,3556.9385228540905
309,3500.0,3557.185303248806
310,3500.0,3557.434128360768
311,3500.0,3557.6847851694524
312,3500.0,3557.936811559634
313,3500.0,3558.1887134858925
314,3500.0,3558.4406332468075
315,3500.0,3558.697161232058
316,3500.0,3558.957408755459
317,7500.0,7559.515486580947
318,7500.0,7560.079653221711
319,3500.0,3560.3505396825244
320,3500.0,3560.621268737562
321,3500.0,3560.891982772624
322,3500.0,3561.1692694313224
323,3500.0,3561.4419837739756
324,3500.0,3561.7323481389126
325,3500.0,3562.0286130356308
326,3500.0,3562.331991012603
327,3500.0,3562.631511886407
328,3500.0,3562.9310223176117
329,3500.0,3563.2405697648305
330,3500.0,3563.5510705480797
331,3500.0,3563.8639859675845
332,3500.0,3564.1838071216853
333,3500.0,3564.5038351857265
334,3500.0,3564.8234642446278
335,3500.0,3565.1429437234933
336,3500.0,3565.4624161826805
337,3500.0,3565.7836643463784
338,3500.0,3566.105440664249
339,3500.0,3566.4272816802686
340,3500.0,3566.7565342469134
341,3500.0,3567.079646721351
342,3500.0,3567.402752795751
343,3500.0,3567.7299549762374
344,3500.0,3568.0557600757256
345,3500.0,3568.3863761224543
346,3500.0,3568.7164875461094
347,3500.0,3569.0473432516696
348,3500.0,3569.3750174882534
349,3500.0,3569.7026504211085
350,3500.0,3570.0358107694724
351,3500.0,3570.3707158288807
352,3500.0,3570.711150676635
353,3500.0,3571.054224603992
354,3500.0,3571.401688180046
355,3500.0,3571.745542734584
356,3500.0,3572.089644700171
357,3500.0,3572.4359587912245
358,3500.0,3572.787879457525
359,2500.0,2573.0390864660753
360,2500.0,2573.2904209240414
361,2500.0,2573.5409307465184
362,2500.0,2573.791439220717
363,2500.0,2574.0419463414964
364,2500.0,2574.2924006228754
365,2500.0,2574.542853530532
366,2500.0,2574.7933050593233
367,2500.0,2575.043755204106
368,2500.0,2575.295208226802
369,2500.0,2575.5453981562814
370,2500.0,2575.795586636258
371,2500.0,2576.0507191891143
372,2500.0,2576.300673390397
373,2500.0,2576.5512701568978
374,2500.0,2576.801891298946
375,2500.0,2577.052974875234
376,2500.0,2577.303258260154
377,2500.0,2577.5534886334985
378,2500.0,2577.8082024692453
379,2500.0,2578.0600285525447
380,2500.0,2578.311698772532
381,2500.0,2578.5637029579702
382,2500.0,2578.818181409815
383,2500.0,2579.069667758866
384,2500.0,2579.321023888686
385,2500.0,2579.574210040391
386,2500.0,2579.8279885511747
387,2500.0,2580.08140505449
388,2500.0,2580.3348464509086
389,2500.0,2580.589731927041
390,2500.0,2580.8428103620513
391,2500.0,2581.0958878080355
392,3500.0,3581.447336558465
393,3500.0,3581.7990705013885
394,3500.0,3582.1502300822604
395,3500.0,3582.502319628375
396,3500.0,3582.8529033053737
397,3500.0,3583.20319883373
398,3500.0,3583.5534569464157
399,3500.0,3583.907583699031
400,3500.0,3584.2600968489637
401,3500.0,3584.6139708483256
402,3500.0,3584.968991015998
403,3500.0,3585.32741621572
404,3500.0,3585.6835826412466
405,3500.0,3586.0396768778387
406,3500.0,3586.4051301813092
407,3500.0,3586.766137721713
408,3500.0,3587.1277554837184
409,3500.0,3587.491741337067
410,3500.0,3587.85813186861
411,3500.0,3588.224021640898
412,3500.0,3588.589912844385
413,3500.0,3588.9608653836754
414,3500.0,3589.3324663916774
415,3500.0,3589.7053621416107
416,3500.0,3590.07865560222
417,3500.0,3590.453675218584
418,3500.0,3590.8285544868136
419,3500.0,3591.20329335476
420,3500.0,3591.5806929088585
421,3500.0,3591.9609335568166
422,3500.0,3592.3420765314763
423,3500.0,3592.7246250392063
424,3500.0,3593.1081483929293
425,3500.0,3593.4927187580515
426,3500.0,3593.875317927818
427,3500.0,3594.2579218941646
428,3500.0,3594.6404587647917
429,3500.0,3595.021274974993
430,3800.0,3895.4330566241833
431,3800.0,3895.8448818069296
432,3800.0,3896.255737608165
433,3800.0,3896.6664029629087
434,3800.0,3897.0871260344366
435,3800.0,3897.4999444736973
436,3800.0,3897.914716417788
437,3800.0,3898.327310690521
438,3800.0,3898.740533385454
439,3800.0,3899.1524743102113
440,3800.0,3899.5617683454398
441,3800.0,3899.9744589673837
442,3800.0,3900.389299250584
443,3800.0,3900.8029745396625
444,3800.0,3901.215055365893
445,3800.0,3901.631197975849
446,3800.0,3902.0417666268118
447,3800.0,3902.4504274610304
448,3800.0,3902.8720872297176
449,3800.0,3903.291294720607
450,3800.0,3903.7084004283606
451,3800.0,3904.1255116709463
452,3800.0,3904.54497091592
453,3800.0,3904.962952455057
454,3800.0,3905.3809006398583
455,3800.0,3905.798815450036
456,3800.0,3906.2181420108627
457,3800.0,3906.636693284779
458,3800.0,3907.0553675391984
459,3800.0,3907.4768997428023
460,3800.0,3907.8953123692268
461,3800.0,3908.313691641369
462,3800.0,3908.733288199304
463,3800.0,3909.1536724644498
464,3800.0,3909.573124653505
465,3800.0,3909.995554029624
466,3800.0,3910.423385743146
467,3800.0,3910.844655654492
468,3800.0,3911.265227888761
469,3800.0,3911.6873316321544
470,3800.0,3912.1154658106016
471,3800.0,3912.5390696732397
472,3800.0,3912.9645582970666
473,3800.0,3913.394906139188
474,3800.0,3913.817904994593
475,3800.0,3914.240323361079
476,3800.0,3914.6651750057767
477,3800.0,3915.0931262027084
478,3800.0,3915.5194015422894
479,3800.0,3915.9454883635653
480,4000.0,4116.394784973075
481,4000.0,4116.843472004637
482,4000.0,4117.291960932477
483,4000.0,4117.740292854103
484,4000.0,4118.188467707578
485,4000.0,4118.638132706366
486,4000.0,4119.085869857773
487,4000.0,4119.538804540022
488,4000.0,4119.991500659253
489,4000.0,4120.4440817256
490,4000.0,4120.897042143504
491,4000.0,4121.355904029147
492,4000.0,4121.811313856542
493,4000.0,4122.266155735027
494,4000.0,4122.735805518149
495,4000.0,4123.192975691623
496,4000.0,4123.650155328768
497,4000.0,4124.110107267094
498,4000.0,4124.569203204234
499,4000.0,4125.028927687624
500,4000.0,4125.486929649465
501,4000.0,4125.94580756065
502,4000.0,4126.4067582262705
503,4000.0,4126.867719125232
504,4000.0,4127.31470016789
505,4000.0,4127.771882817227
506,4000.0,4128.224369171022
507,4000.0,4128.671166894497
508,4000.0,4129.132504610686
509,4000.0,4129.596330064929
510,4000.0,4130.060042436832
511,4000.0,4130.508153951437
512,4000.0,4130.96730123783
513,4000.0,4131.4315393431425
514,4000.0,4131.894259675549
515,4000.0,4132.359015141877
516,4000.0,4132.82394685467
517,4000.0,4133.288848220452
518,4000.0,4133.751404575456
519,4000.0,4134.211284419215
520,4000.0,4134.670140529673
521,4000.0,4135.127724474125
522,4000.0,4135.584532033848
523,4000.0,4136.041141922029
524,4000.0,4136.4971404579255
525,4000.0,4136.953230632633
526,4000.0,4137.40879192239
527,4000.0,4137.864486126733
528,4000.0,4138.320189142591
529,4000.0,4138.77635617704
530,4000.0,4139.231083535293
531,4000.0,4139.685405539021
532,4000.0,4140.141474680149
533,4000.0,4140.596352023972
534,4000.0,4141.052314494257
535,4000.0,4141.506794985773
536,4000.0,4141.957059604524
537,3000.0,3142.2981504629147
538,3000.0,3142.639215504166
539,8000.0,8143.524157534107
540,8000.0,8144.411313055829
541,8000.0,8145.294981683295
542,8000.0,8146.181515589102
543,8000.0,8147.071322996049
544,8000.0,8147.955443176021
545,8000.0,8148.83957782116
546,8000.0,8149.714844680214
547,8000.0,8150.599414729456
548,8000.0,8151.470795312885
549,8000.0,8152.346670849841
550,8000.0,8153.22818409536
551,8000.0,8154.102047092131
552,8000.0,8154.975922208518
553,8000.0,8155.845895039899
554,8000.0,8156.721180421355
555,5000.0,10157.799722643504
556,5000.0,10158.865377412407
557,5000.0,10159.914178673971
558,5000.0,10160.958313054114
559,5000.0,10162.00204669203
560,5000.0,10163.067532606627
561,5000.0,10164.103149188199
562,5000.0,10165.171193147115
563,5000.0,10166.274927435266
564,5000.0,10167.37989985713
565,5000.0,10168.484687357048
566,5000.0,10169.587662891085
567,5000.0,10170.72116513199
568,5000.0,10171.83841885198
569,5000.0,10172.945725182255
570,5000.0,10174.051015735296
571,5000.0,10175.15927511244
572,5000.0,10176.263178142197
573,5000.0,10177.367200934394
574,3000.0,8178.257307354215
575,3000.0,8179.147347096975
576,3000.0,8180.034212043821
577,3000.0,8180.925917573276
578,3000.0,8181.824919522358
579,3000.0,8182.713711163366
580,3000.0,8183.602517526672
581,3000.0,8184.489865547647
582,3000.0,8185.3772279388695
583,3000.0,8186.263131316249
584,3000.0,8187.1478207728505
585,3000.0,8188.031787123059
586,3000.0,8188.913801907168
587,3000.0,8189.795829812771
588,3000.0,8190.678362211392
589,3000.0,8191.565003144101
590,3000.0,8192.44698894799
591,3000.0,8193.323089228988
592,3000.0,8194.205919791853
593,3000.0,8195.080569331732
594,3000.0,8195.953591264783
595,3000.0,8196.834246478164
596,3000.0,8197.70540602188
597,3000.0,8198.575674427782
598,3000.0,8199.443903591704
599,3000.0,8200.308616945777
600,3000.0,8201.173257486347
601,3000.0,8202.037907182885
602,3000.0,8202.901581774511
603,3000.0,8203.75911310587
604,3000.0,8204.62157430143
605,3000.0,8205.488556663187
606,3000.0,8206.35341515706
607,3000.0,8207.21877512469
608,3000.0,8208.084144272338
609,3000.0,8208.949440502827
610,3000.0,8209.81474586335
611,3000.0,8210.680060337565
612,3000.0,8211.545301802324
613,3000.0,8212.410552330775
614,3000.0,8213.27581190657
615,3000.0,8214.141080513353
616,3000.0,8215.012354457764
617,3000.0,8215.89456463451
618,3000.0,8216.760519921621
619,3000.0,8217.62007523961
620,3000.0,8218.4817748807
621,3000.0,8219.340195302086
622,3000.0,8220.198623192084
623,3000.0,8221.063223683272
624,3000.0,8221.926681953655
625,3000.0,8222.791875298397
626,3000.0,8223.648772439721
627,3000.0,8224.515545020337
628,3000.0,8225.372046069195
629,11000.0,16227.061594060351
630,11000.0,16228.752616149068
631,11000.0,16230.445599621984
632,11000.0,16232.136487444553
633,11000.0,16233.82803838791
634,11000.0,16235.521551328875
635,11000.0,16237.214753871463
636,11000.0,16238.907970625996
637,10500.0,15740.555676901442
638,10500.0,15742.21315741422
639,10500.0,15743.864515574433
640,10500.0,15745.500932852181
641,10500.0,15747.145865334636
642,10500.0,15748.786717933805
643,10500.0,15750.427584021945
644,10500.0,15752.069723601855
645,10500.0,15753.70904149799
646,10500.0,15755.343961422317
647,10500.0,15756.977317930798
648,8500.0,13758.418223735078
649,8500.0,13759.850612656352
650,8500.0,13761.283013105129
651,8500.0,13762.725470790563
652,8500.0,13764.167253910884
653,8500.0,13765.610839772475
654,8500.0,13767.046317670845
655,8500.0,13768.503559523571
656,8500.0,13769.94897702725
657,8500.0,13771.394270871879
658,8500.0,13772.844398688601
659,8500.0,13774.311068888617
660,8000.0,13275.715623742817
661,8000.0,13277.12338062756
662,8000.0,13278.53712872513
663,8000.0,13279.950761787853
664,8000.0,13281.364412546445
665,8000.0,13282.790034202488
666,8000.0,13284.205713964333
667,8000.0,13285.629647974813
668,8000.0,13287.055993173819
669,8000.0,13288.482890116926
670,7500.0,12789.85560587035
671,7500.0,12791.228341072529
672,7500.0,12792.605444715728
673,7500.0,12793.970543642734
674,7500.0,12795.333229445338
675,7500.0,12796.690430440985
676,7500.0,12798.031523598096
677,7500.0,12799.372373360824
678,7500.0,12800.713235610658
679,7500.0,12802.071519292089
680,7500.0,12803.444541462533
681,7500.0,12804.8346114364
682,7500.0,12806.233667666045
683,7500.0,12807.636462502001
684,7500.0,12809.039154847374
685,7500.0,12810.441872725221
686,7500.0,12811.852174270989
687,7500.0,12813.269421358507
688,7500.0,12814.692206795055
689,7500.0,12816.118482037671
690,7500.0,12817.550042472114
691,7500.0,12818.98189098736
692,7500.0,12820.413643074764
693,7500.0,12821.836837193281
694,7500.0,12823.286089410989
695,7500.0,12824.754099202504
696,7500.0,12826.257929868178
697,7500.0,12827.783484986356
698,7500.0,12829.309606387564
699,7500.0,12830.83578105834
700,7500.0,12832.36188066614
701,7500.0,12833.866475096647
702,7500.0,12835.329022520149
703,7500.0,12836.779414699693
704,7500.0,12838.223424016052
705,7500.0,12839.662588861884
706,7500.0,12841.101658244843
707,7500.0,12842.54833675766
708,7500.0,12843.995691955213
709,7500.0,12845.439228631032
710,7500.0,12846.878945459777
711,7500.0,12848.315611932248
712,7500.0,12849.75051181979
713,7500.0,12851.183772991879
714,7500.0,12852.615780399703
715,7500.0,12854.043577486747
716,7500.0,12855.472304430385
717,7500.0,12856.899518965622
718,7500.0,12858.329591899115
719,7500.0,12859.758795233254
720,7500.0,12861.188028825756
721,7500.0,12862.605460358413
722,7500.0,12863.988319071455
723,7500.0,12865.35087271421
724,7500.0,12866.695430533919
725,7500.0,12868.040514874227
726,7500.0,12869.381750737091
727,7500.0,12870.722997703153
728,7500.0,12872.078413542042
729,7500.0,12873.442982574661
730,7500.0,12874.827907570727
731,7500.0,12876.204226674046
732,7500.0,12877.589835010878
733,7500.0,12878.976236332515
734,7500.0,12880.362658124357
735,7500.0,12881.752191647916
736,7500.0,12883.157333176981
737,7500.0,12884.568940725978
738,7500.0,12885.982377938775
739,7500.0,12887.399964860173
740,7500.0,12888.817321108309
741,7500.0,12890.234575460938
742,7500.0,12891.643478100035
743,7500.0,12893.051503400713
744,7500.0,12894.452204516043
745,7500.0,12895.85292885902
746,10500.0,15897.579377445623
747,10500.0,15899.305854566013
748,10500.0,15901.032360188761
749,10500.0,15902.758735272108
750,10500.0,15904.485138760409
751,10500.0,15906.211570622221
752,10500.0,15907.95234641651
753,10500.0,15909.712243184595
754,10500.0,15911.472016455813
755,10500.0,15913.231666146114
756,10500.0,15914.999307919588
757,10500.0,15916.772397992483
758,10500.0,15918.549823966167
759,10500.0,15920.322513674564
760,10500.0,15922.09364955421
761,10500.0,15923.864982472724
762,10500.0,15925.636193974724
763,10500.0,15927.405691412236
764,10500.0,15929.17634110295
765,10500.0,15930.945116843866
766,10500.0,15932.718390344822
767,10500.0,15934.491861228851
768,10500.0,15936.258677686425
769,10500.0,15938.024415147913
770,10500.0,15939.803576813376
771,10500.0,15941.579908523976
772,10500.0,15943.35516286259
773,10500.0,15945.13189036194
774,10500.0,15946.916469523108
775,10500.0,15948.700770006883
776,10500.0,15950.485110649031
777,10500.0,15952.283049330705
778,10500.0,15954.083264472822
779,10500.0,15955.884640014214
780,10500.0,15957.684463801608
781,10500.0,15959.482575686989
782,10500.0,15961.277219502625
783,10500.0,15963.07142667487
784,10500.0,15964.87732894537
785,10500.0,15966.670025020636
786,10500.0,15968.460208063841
787,10500.0,15970.249953083961
788,10500.0,15972.029518036234
789,10500.0,15973.80992016661
790,10500.0,15975.590201282213
791,10500.0,15977.37802958164
792,10500.0,15979.152157638044
793,10500.0,15980.919292075158
794,10500.0,15982.68566308451
795,10500.0,15984.451909677138
796,10500.0,15986.218191613158
797,10500.0,15987.9937808677
798,10500.0,15989.753419463223
799,10500.0,15991.49886094649
800,10500.0,15993.243213642243
801,8500.0,13994.772535193062
802,8500.0,13996.29278733356
803,8500.0,13997.811385100986
804,8500.0,13999.330007658154
805,8500.0,14000.842075292281
806,8500.0,14002.350526017473
807,8500.0,14003.860119427683
808,8500.0,14005.359652769272
809,8500.0,14006.858366305714
810,8500.0,14008.351777544729
811,8500.0,14009.843807092555
812,8500.0,14011.371160264403
813,7500.0,13012.757131520395
814,7500.0,13014.153790743321
815,7500.0,13015.540578971262
816,7500.0,13016.927384819952
817,7500.0,13018.3148591099
818,7500.0,13019.702351107584
819,7500.0,13021.089860787142
820,7500.0,13022.477257911809
821,7500.0,13023.8588125241
822,7500.0,13025.235434400583
823,7500.0,13026.618974908426
824,7500.0,13027.979474994165
825,7500.0,13029.339986890738
826,7500.0,13030.684484483985
827,7500.0,13032.026514679043
828,7500.0,13033.358518109108
829,7500.0,13034.684792671911
830,7500.0,13036.010550462173
831,7500.0,13037.335791294734
832,7500.0,13038.659471997624
833,7500.0,13039.976115831107
834,7500.0,13041.304106998743
835,7500.0,13042.61527971366
836,7500.0,13043.918758684715
837,7500.0,13045.248586202162
838,7500.0,13046.550502011065
839,8500.0,14047.95080263061
840,8500.0,14049.354192915793
841,8500.0,14050.761938205924
842,7500.0,14052.162377648305
843,7500.0,14053.565626583337
844,7500.0,14054.968453504182
845,7500.0,14056.372404303002
846,7500.0,14057.776354778744
847,7500.0,14059.186912058181
848,7500.0,14060.608014671252
849,8000.0,14562.077180019933
850,8000.0,14563.564987445416
851,8000.0,14565.030810261402
852,8000.0,14566.498237115535
853,8500.0,15568.06625048296
854,8500.0,15569.639559258234
855,8500.0,15571.205553605105
856,8500.0,15572.762362736354
857,8500.0,15574.310606770458
858,8500.0,15575.876759445075
859,8500.0,15577.442913853236
860,8500.0,15579.008602640508
861,8500.0,15580.582549879633
862,8500.0,15582.169899629815
863,8500.0,15583.757722742586
864,8500.0,15585.345707654535
865,8500.0,15586.928555364604
866,8500.0,15588.511407959402
867,8500.0,15590.09364186731
868,8500.0,15591.67213884855
869,6900.0,13993.098869656547
870,6900.0,13994.521268156648
871,6900.0,13995.935694421221
872,6900.0,13997.34326567401
873,6900.0,13998.753218061162
874,6900.0,14000.162052585027
875,6900.0,14001.58460905119
876,6900.0,14002.9899480984
877,6900.0,14004.397108558285
878,6900.0,14005.797828357083
879,6900.0,14007.20723179255
880,6900.0,14008.608372731947
881,6900.0,14010.009513741388
882,6900.0,14011.401968586959
883,6900.0,14012.78433350518
884,6900.0,14014.157306114177
885,6900.0,14015.51990262905
886,6900.0,14016.874222317241
887,6900.0,14018.228532704601
888,6900.0,14019.581572122577
889,6900.0,14020.913852959377
890,6900.0,14022.250046049563
891,6900.0,14023.583562028942
892,6900.0,14024.916223174841
893,6900.0,14026.24592548196
894,6900.0,14027.575613595696
895,6900.0,14028.904726385084
896,6900.0,14030.237752912186
897,6900.0,14031.567538846406
898,6900.0,14032.884120828576
899,6900.0,14034.195072863144
900,6900.0,14035.508533180013
901,6900.0,14036.815660089707
902,6900.0,14038.122487627661
903,6900.0,14039.427050350436
904,6900.0,14040.74745846452
905,6900.0,14042.050439828667
906,6900.0,14043.34961033536
907,6900.0,14044.646232804882
908,6900.0,14045.942974991556
909,6900.0,14047.239696447008
910,6900.0,14048.557608475328
911,6900.0,14049.84459683784
912,6900.0,14051.130719612234
913,6900.0,14052.412463756478
914,6900.0,14053.687860711689
915,6900.0,14054.963513958806
916,6900.0,14056.238018050251
917,6900.0,14057.508280279942
918,6300.0,13458.718783149754
919,6300.0,13459.93114453774
920,6300.0,13461.13890415934
921,6300.0,13462.340580029313
922,6300.0,13463.542901666515
923,6300.0,13464.744926776775
924,6300.0,13465.966179141635
925,6300.0,13467.162899555975
926,6300.0,13468.351780696748
927,6300.0,13469.537130336968
928,6300.0,13470.718139352557
929,6300.0,13471.898578383109
930,6300.0,13473.078986136547
931,6300.0,13474.251817662289
932,6300.0,13475.4216522051
933,6300.0,13476.589432245479
934,6300.0,13477.754348636003
935,6300.0,13478.918691834182
936,6300.0,13480.082731252409
937,6300.0,13481.246197192942
938,6300.0,13482.408415427602
939,6300.0,13483.571677625685
940,6300.0,13484.735849204331
941,6300.0,13485.895536487364
942,6300.0,13487.063280181868
943,6300.0,13488.221684047003
944,6300.0,13489.380187407445
945,6300.0,13490.52786387379
946,6300.0,13491.67536817389
947,6300.0,13492.813795741456
948,6300.0,13493.946652387747
949,6300.0,13495.073531872687
950,6300.0,13496.200235561864
951,6300.0,13497.326493471523
952,6300.0,13498.440022907234
953,6300.0,13499.55053956792
954,6300.0,13500.653722838013
955,6300.0,13501.750785959532
956,6300.0,13502.834976547645
957,6300.0,13503.917093742666
958,6300.0,13504.998217345192
959,6300.0,13506.07429560315
960,6300.0,13507.148838874107
961,6300.0,13508.212796988146
962,6300.0,13509.266842832694
963,6300.0,13510.310838974308
964,6300.0,13511.354915795944
965,6300.0,13512.398127508994
966,6300.0,13513.438041668887
967,6300.0,13514.472495350978
968,6300.0,13515.493919182176
969,6300.0,13516.502715648303
970,6300.0,13517.519832477656
971,6300.0,13518.537972071437
972,6300.0,13519.556188351493
973,6300.0,13520.574210932476
974,6300.0,13521.59231017056
975,6300.0,13522.610350855592
976,6300.0,13523.628332962804
977,6300.0,13524.646391703709
978,6300.0,13525.664391837612
979,6300.0,13526.682333339742
980,6300.0,13527.677085558536
981,6300.0,13528.671640377866
982,6300.0,13529.687914191492
983,6300.0,13530.68478159701
984,6300.0,13531.684293281827
985,6300.0,13532.681172463714
986,6300.0,13533.677989758877
987,6300.0,13534.669467008407
988,6300.0,13535.658039266278
989,6300.0,13536.653857628227
990,6300.0,13537.632286969058
991,6300.0,13538.604153590939
992,6300.0,13539.568914522924
993,6300.0,13540.533473412395
994,6300.0,13541.497153179698
995,6300.0,13542.463880661464
996,6300.0,13543.42200998102
997,6300.0,13544.376414930064
998,6300.0,13545.327636485685
999,6300.0,13546.277705766108
1000,6300.0,13547.227164370504
1001,6300.0,13548.17628310564
1002,6300.0,13549.122623219015
1003,6300.0,13550.071332785092
1004,6300.0,13551.01509525342
1005,6300.0,13551.96231120858
1006,6300.0,13552.909593374132
1007,6300.0,13553.851385061775
1008,6300.0,13554.792022347898
1009,6300.0,13555.728387380801
1010,15000.0,22257.247785957807
1011,15000.0,22258.764839966898
1012,15000.0,22260.27242610951
1013,15000.0,22261.767871211097
1014,15000.0,22263.263194159008
1015,15000.0,22264.771752873043
1016,15000.0,22266.282417636474
1017,15000.0,22267.786059688136
1018,15000.0,22269.293588804376
1019,15000.0,22270.798770358044
1020,15000.0,22272.303608230955
1021,15000.0,22273.807879616656
1022,15000.0,22275.325394147494
1023,15000.0,22276.83855700152
1024,15000.0,22278.357837391108
1025,15000.0,22279.872097373314
1026,15000.0,22281.394035436286
1027,15000.0,22282.914740579203
1028,15000.0,22284.435103851953
1029,15000.0,22285.95802214695
1030,15000.0,22287.48728458643
1031,15000.0,22289.020886586484
1032,15000.0,22290.55414833327
1033,15000.0,22292.09776920804
1034,14400.0,21693.601031583446
1035,14400.0,21695.104181198923
1036,14400.0,21696.601794240552
1037,14400.0,21698.101680322587
1038,14400.0,21699.594943680226
1039,14400.0,21701.089394783998
1040,14400.0,21702.580259625418
1041,14400.0,21704.071226889253
1042,14400.0,21705.56207954183
1043,14400.0,21707.04739115493
1044,14400.0,21708.531501985064
1045,14400.0,21710.038291156616
1046,14400.0,21711.5299878876
1047,14400.0,21713.01288538577
1048,14400.0,21714.496969816486
1049,14400.0,21715.979201379647
1050,14400.0,21717.461099800348
1051,14400.0,21718.95917026701
1052,14400.0,21720.45756126017
1053,14400.0,21721.955838422746
1054,14400.0,21723.452481180015
1055,14400.0,21724.950313228594
1056,14400.0,21726.44824855269
1057,14400.0,21727.956498590105
1058,14400.0,21729.460290459374
1059,14400.0,21730.982656447322
1060,14400.0,21732.51729844252
1061,14400.0,21734.066609600726
1062,14400.0,21735.618639297318
1063,14400.0,21737.170562468164
1064,18400.0,25739.008196446324
1065,18400.0,25740.84570424147
1066,13800.0,21142.3460700611
1067,13800.0,21143.84590809131
1068,13800.0,21145.347121150782
1069,13800.0,21146.84949806374
1070,13800.0,21148.349232630142
1071,13800.0,21149.831308944365
1072,13800.0,21151.352827808732
1073,13800.0,21152.835326128432
1074,13800.0,21154.419461966005
1075,13800.0,21156.004351072097
1076,13800.0,21157.457557010974
1077,13800.0,21158.911497494293
1078,13800.0,21160.473236751925
1079,13800.0,21161.948333341257
1080,13800.0,21163.44723414171
1081,13800.0,21164.912802862673
1082,13800.0,21166.477101567933
1083,13800.0,21167.89144556786
1084,13800.0,21169.305672395338
1085,13800.0,21170.852936946932
1086,13800.0,21172.355008962808
1087,13800.0,21173.873701987603
1088,13800.0,21175.41579520932
1089,13800.0,21176.898709577457
1090,13800.0,21178.30167911697
1091,13800.0,21179.704529820192
1092,13800.0,21181.264838652904
1093,13800.0,21182.854916204342
1094,13800.0,21184.41058506939
1095,13800.0,21186.010855444983
1096,13800.0,21187.662940571492
1097,13800.0,21189.110269826964
1098,13800.0,21190.557697949494
1099,13200.0,20591.964033040265
1100,13200.0,20593.37025826408
1101,13200.0,20594.776579519017
1102,13200.0,20596.182790863866
1103,13200.0,20597.589098224827
1104,13200.0,20598.99529563256
1105,13800.0,21200.442551041393
1106,13800.0,21202.008203723788
1107,13800.0,21203.570367688237
1108,13800.0,21205.066067541975
1109,13800.0,21206.522219428833
1110,13800.0,21207.95429587431
1111,13800.0,21209.37225969853
1112,13800.0,21210.790106234093
1113,13800.0,21212.24325746427
1114,13800.0,21213.735114532567
1115,13800.0,21215.171708674523
1116,13800.0,21216.56427254548
1117,13800.0,21217.985570186098
1118,13800.0,21219.375136061088
1119,13800.0,21220.764368551245
1120,13800.0,21222.188281840376
1121,13800.0,21223.61016845526
1122,13800.0,21225.010714490276
1123,13800.0,21226.406046694647
1124,13800.0,21227.79764987507
1125,13800.0,21229.18913201102
1126,13800.0,21230.57030305595
1127,13100.0,20531.937228426727
1128,13100.0,20533.281659676442
1129,13100.0,20534.623509632904
1130,13100.0,20536.03403292178
1131,13100.0,20537.376473466513
1132,13100.0,20538.719823261643
1133,13100.0,20540.063260925283
1134,13100.0,20541.404937857485
1135,13100.0,20542.747729498275
1136,13100.0,20544.081364680875
1137,13100.0,20545.41837349609
1138,13100.0,20546.75670204894
1139,13100.0,20548.092652169707
1140,13100.0,20549.428689153952
1141,13100.0,20550.796253633216
1142,13100.0,20552.132055389702
1143,13100.0,20553.46280594029
1144,13100.0,20554.785421271852
1145,13100.0,20556.104421852335
1146,13100.0,20557.423507073087
1147,13100.0,20558.742676939535
1148,13100.0,20560.05843647086
1149,13100.0,20561.399363482087
1150,13100.0,20562.78376250123
1151,13100.0,20564.175451706276
1152,13100.0,20565.555102237333
1153,13100.0,20566.881580541427
1154,13100.0,20568.208144403372
1155,13100.0,20569.540347244885
1156,13100.0,20570.853712396056
1157,13100.0,20572.200074771532
1158,13100.0,20573.53418194638
1159,12500.0,19974.75955826844
1160,12500.0,19975.97961658226
1161,12500.0,19977.199549657445
1162,12500.0,19978.43074446569
1163,12500.0,19979.66700976016
1164,12500.0,19980.903151758055
1165,12500.0,19982.143766034747
1166,12500.0,19983.417427878394
1167,12500.0,19984.657798598142
1168,12500.0,19985.8982463077
1169,12500.0,19987.161954653813
1170,12500.0,19988.406954971968
1171,12500.0,19989.659828319906
1172,12500.0,19990.90738298979
1173,12500.0,19992.15761433752
1174,32500.0,39994.65112536478
1175,32500.0,39997.144391915936
1176,32500.0,39999.64101366888
1177,32500.0,40002.13379129685
1178,32500.0,40004.74113037737
1179,32500.0,40007.36944186963
1180,32500.0,40009.99152486285
1181,32500.0,40012.495750232396
1182,32500.0,40014.997731591655
1183,32500.0,40017.50587164947
1184,32500.0,40020.01536944268
1185,32500.0,40022.52662540711
1186,32500.0,40025.03723850232
1187,32500.0,40027.54800908829
1188,32500.0,40030.05853689942
1189,27500.0,35032.26017607847
1190,27500.0,35034.4556478237
1191,27500.0,35036.64810405814
1192,27500.0,35038.83614273224
1193,27500.0,35041.02186533082
1194,27500.0,35043.2024681215
1195,27500.0,35045.38530920324
1196,27500.0,35047.567935800296
1197,27500.0,35049.74474024479
1198,27500.0,35051.91922640847
1199,27500.0,35054.08999176616
1200,27500.0,35056.25878831395
1201,27500.0,35058.42701792001
1202,27500.0,35060.591525204094
1203,27500.0,35062.75125764205
1204,27500.0,35064.92164194489
1205,27500.0,35067.093563191396
1206,27500.0,35069.28876324845
1207,27500.0,35071.46165638022
1208,27500.0,35073.65397344836
1209,27500.0,35075.80539138309
1210,27500.0,35077.95659052774
1211,27500.0,35080.13949176637
1212,27500.0,35082.337613306925
1213,27500.0,35084.532364348015
1214,27500.0,35086.73076114596
1215,27500.0,35088.92578702238
1216,27500.0,35091.122002887394
1217,27500.0,35093.31835621355
1218,27500.0,35095.51274141037
1219,27500.0,35097.71463387977
1220,27500.0,35099.90613518151
1221,27500.0,35102.1104092868
1222,27500.0,35104.29937689192
1223,27500.0,35106.48567265711
1224,27500.0,35108.6721045848
1225,27500.0,35110.851299862334
1226,27500.0,35113.03519481319
1227,27500.0,35115.24099568412
1228,27500.0,35117.45395817167
1229,27500.0,35119.669518341885
1230,27500.0,35121.88065273476
1231,27500.0,35124.09192634066
1232,27500.0,35126.312822673164
1233,27500.0,35128.53175185417
1234,27500.0,35130.74625449581
1235,27500.0,35132.96230196954
1236,27500.0,35135.161625409644
1237,27500.0,35137.3547621983
1238,27500.0,35139.54768450901
1239,27500.0,35141.74144647095
1240,27500.0,35143.94729358154
1241,27500.0,35146.16874248997
1242,27500.0,35148.35483418575
1243,27500.0,35150.52594806386
1244,27500.0,35152.696844546415
1245,27500.0,35154.86787510353
1246,26000.0,33656.942024610675
1247,26000.0,33659.02808187736
1248,26000.0,33661.12907841023
1249,26000.0,33663.20361379533
1250,26000.0,33665.26582164871
1251,26000.0,33667.320749474464
1252,26000.0,33669.375466059806
1253,33000.0,40671.899000807476
1254,33000.0,40674.375512737635
1255,33000.0,40676.86722498154
1256,33000.0,40679.352581568986
1257,33000.0,40681.83442886999
1258,33000.0,40684.30991849498
1259,33000.0,40686.78515191042
1260,33000.0,40689.30203643992
1261,33000.0,40691.83738684981
1262,33000.0,40694.37330215576
1263,33000.0,40696.88943525703
1264,33000.0,40699.44153719351
1265,34000.0,48702.438987820125
1266,34000.0,48705.435161866655
1267,34000.0,48708.53818514082
1268,34000.0,48711.5956200827
1269,34000.0,48714.63814634513
1270,34000.0,48717.64676239705
1271,30700.0,45420.51852020184
1272,30700.0,45423.31733255305
1273,30700.0,45426.11586313391
1274,30700.0,45428.940004757125
1275,30700.0,45431.74251606602
1276,30700.0,45434.54974343609
1277,30700.0,45437.38167892159
1278,30700.0,45440.187891614085
1279,30700.0,45442.99427761827
1280,30700.0,45445.79992808497
1281,30700.0,45448.59984381854
1282,30700.0,45451.4049314009
1283,30700.0,45454.207010514925
1284,30700.0,45457.00880783505
1285,30700.0,45459.85078002572
1286,30700.0,45462.652925227805
1287,30700.0,45465.45478852759
1288,30700.0,45468.31138305195
1289,30700.0,45471.117232547396
1290,30700.0,45473.93234941526
1291,30700.0,45476.7822007556
1292,30700.0,45479.63086639266
1293,30700.0,45482.43923359866
1294,30700.0,45485.24777422134
1295,30700.0,45488.12835496288
1296,30700.0,45490.984099661
1297,30700.0,45494.11569900642
1298,30700.0,45497.26844122436
1299,30700.0,45500.09746137603
1300,30700.0,45502.91710241572
1301,30700.0,45505.73646315938
1302,30700.0,45508.57101548367
1303,30700.0,45511.395277400894
1304,30700.0,45514.28616122891
1305,30700.0,45517.14536868556
1306,30700.0,45519.97926615622
1307,30700.0,45522.78739367714
1308,30700.0,45525.59523920358
1309,30700.0,45528.40189215008
1310,30700.0,45531.21645795506
1311,30700.0,45534.03711681463
1312,30700.0,45536.89346696297
1313,30100.0,44939.73257989221
1314,30100.0,44942.50131681646
1315,30100.0,44945.26977489758
1316,30100.0,44948.08784331246
1317,30100.0,44950.85844344712
1318,30100.0,44953.68989802047
1319,30100.0,44956.47657725725
1320,30100.0,44959.2157753751
1321,30100.0,44961.954690800136
1322,30100.0,44964.69332346035
1323,30100.0,44967.46809468534
1324,30100.0,44970.21066056444
1325,30100.0,44972.98307405166
1326,30100.0,44975.794335223625
1327,30100.0,44978.54685383694
1328,30100.0,44981.27525248909
1329,30100.0,44984.0029170204
1330,30100.0,44986.87964400694
1331,30100.0,44989.621144452445
1332,30100.0,44992.34616580517
1333,30100.0,44995.079000911275
1334,30100.0,44997.80480279715
1335,30100.0,45000.530319834055
1336,30100.0,45003.25600195553
1337,30100.0,45005.98499939949
1338,30100.0,45008.71056185105
1339,30100.0,45011.43583927557
1340,30100.0,45014.161281715635
1341,30100.0,45016.886889181245
1342,30100.0,45019.612211513515
1343,30100.0,45022.337698836796
1344,30100.0,45025.06290093771
1345,30100.0,45027.81123077718
1346,30100.0,45030.690309027275
1347,30100.0,45033.533546813385
1348,30100.0,45036.466130517954
1349,30100.0,45039.25208631279
1350,30100.0,45041.97470910141
1351,30100.0,45044.72407123765
1352,30100.0,45047.541168281066
1353,30100.0,45050.43367089948
1354,30100.0,45053.16282617126
1355,30100.0,45055.927738773906
1356,30100.0,45058.655875198485
1357,30100.0,45061.38417681173
1358,30100.0,45064.177532016845
1359,30100.0,45066.93636096535
1360,30100.0,45069.72420164864
1361,30100.0,45072.505003631886
1362,30100.0,45075.306710542915
1363,30100.0,45078.060811782925
1364,30100.0,45080.81463051792
1365,31100.0,46083.69975032193
1366,32100.0,47086.52006393698
1367,32100.0,47089.36597320964
1368,32100.0,47092.22053057494
1369,32100.0,47095.10775461567
1370,32100.0,47097.99374281887
1371,32100.0,47100.87990787543
1372,32100.0,47103.796865368124
1373,32100.0,47106.68432811597
1374,32100.0,47109.605413611156
1375,32100.0,47112.4635533716
1376,32100.0,47115.466972923125
1377,32100.0,47118.32546830437
1378,32100.0,47121.18366592728
1379,32100.0,47124.042508140294
1380,32100.0,47126.96891118005
1381,32100.0,47129.928956097356
1382,32100.0,47132.88777303722
1383,28900.0,43935.636653825175
1384,28900.0,43938.34308904305
1385,28900.0,43941.04925159391
1386,28900.0,43943.87685811325
1387,28900.0,43946.65542944699
1388,28900.0,43949.42318980594
1389,28900.0,43952.18409257072
1390,28900.0,43955.02296414126
1391,28900.0,43957.77542767928
1392,28900.0,43960.52718442105
1393,28900.0,43963.36219881917
1394,28900.0,43966.223774064696
1395,28900.0,43969.00199974498
1396,28900.0,43971.7883154017
1397,28900.0,43974.582722549145
1398,28900.0,43977.356639227284
1399,28900.0,43980.13029111052
1400,28900.0,43982.994716996385
1401,28900.0,43985.84393539415
1402,28900.0,43988.66958600856
1403,28900.0,43991.45890754701
1404,28900.0,43994.27040168579
1405,28900.0,43997.05919848655
1406,28900.0,43999.84817206915
1407,28900.0,44002.69408224892
1408,28900.0,44005.530935936404
1409,28900.0,44008.37413329018
1410,28900.0,44011.15326211669
1411,28900.0,44013.91848287615
1412,28900.0,44016.68431751362
1413,28900.0,44019.44988578928
1414,28900.0,44022.23411599456
1415,28900.0,44025.02776697156
1416,28900.0,44027.826878236985
1417,28900.0,44030.61516051318
1418,28900.0,44033.41242549433
1419,28900.0,44036.175962458154
1420,28900.0,44038.9392324998
1421,28900.0,44041.72821852139
1422,28900.0,44044.596215862985
1423,28900.0,44047.479375131275
1424,28900.0,44050.37153262705
1425,28900.0,44053.26696354789
1426,28900.0,44056.161263187394
1427,28900.0,44059.055752982385
1428,28900.0,44061.964531843194
1429,28900.0,44064.87614645946
1430,28900.0,44067.79235996283
1431,28900.0,44070.70788510536
1432,28900.0,44073.61655182578
1433,28900.0,44076.523206837366
1434,28900.0,44079.430053542856
1435,33900.0,49082.634940325355
1436,33900.0,49085.82236663838
1437,33900.0,49089.02276225668
1438,33900.0,49092.21256695577
1439,38900.0,54095.9092287626
1440,34000.0,53699.37368882604
1441,34000.0,53702.83729842897
1442,34000.0,53706.486943251766
1443,33900.0,53610.127895844955
1444,33900.0,53613.76480692141
1445,33900.0,53617.43734981069
1446,33900.0,53620.97073893204
1447,33900.0,53624.42875533499
1448,76780.0,96510.79515249998
1449,76780.0,96517.15714411643
1450,76780.0,96523.41242107094
1451,76780.0,96530.04647520665
1452,76280.0,96036.25769861267
1453,76280.0,96042.45011650908
1454,76280.0,96048.6419732681
1455,76280.0,96054.83422921611
1456,76280.0,96061.02592383053
1457,76280.0,96067.21801756158
1458,76280.0,96073.40954976282
1459,76280.0,96079.6014810083
1460,76280.0,96085.7899681397
1461,76280.0,96091.98173644525
1462,76280.0,96098.17294282853
1463,76280.0,96104.41451916118
1464,76280.0,96110.67956594368
1465,76080.0,95917.73667374614
1466,76080.0,95923.8917149085
1467,76080.0,95930.02029235016
1468,76080.0,95936.14638344603
1469,76080.0,95942.27190639262
1470,76080.0,95948.41221179462
1471,76080.0,95954.61911458061
1472,76080.0,95960.72662608726
1473,76080.0,95966.82588987162
1474,76080.0,95972.97256506987
1475,76080.0,95979.07164747638
1476,76080.0,95985.16919789814
1477,74080.0,93991.26883537909
1478,74080.0,93997.19592479184
1479,74080.0,94003.12338796686
1480,74080.0,94009.02678411562
1481,73530.0,93465.01190019088
1482,73530.0,93470.87589503749
1483,73530.0,93476.73932308238
1484,73530.0,93482.60031463794
1485,73530.0,93488.48597915375
1486,106770.0,126736.40397495772
1487,106770.0,126744.31486129384
1488,106770.0,126752.24398563156
1489,106770.0,126760.14952308894
1490,106770.0,126768.0542860132
1491,106770.0,126776.00644605856
1492,106770.0,126783.90712678028
1493,106770.0,126791.85647775713
1494,106770.0,126799.7010899174
1495,106770.0,126807.80612681108
1496,106770.0,126815.61748766848
1497,106770.0,126823.42679339337
1498,106770.0,126831.2847729175
1499,106770.0,126838.97455371328
1500,106770.0,126846.64958006353
1501,106770.0,126854.22486197646
1502,106770.0,126862.03147097447
1503,106770.0,126869.55565806101
1504,106770.0,126877.0802914071
1505,106770.0,126884.60029595597
1506,106770.0,126892.24636196981
1507,106770.0,126899.62514609576
1508,106770.0,126906.80258889402
1509,106770.0,126913.9436346757
1510,102770.0,122920.7813373601
1511,102770.0,122927.61819121808
1512,102770.0,122934.33618555222
1513,102370.0,122540.98367329029
1514,102370.0,122547.63029624474
1515,102370.0,122554.45619925224
1516,102370.0,122561.50798266195
1517,102370.0,122567.89221161277
1518,102370.0,122574.27554743915
1519,102370.0,122581.27086134463
1520,102370.0,122587.96379873366
1521,102370.0,122594.60929225119
1522,102170.0,122401.36057889975
1523,102170.0,122408.25544754116
1524,102170.0,122414.59619517335
1525,102170.0,122420.93482296434
1526,102170.0,122427.27377896947
1527,102170.0,122433.70733220656
1528,102170.0,122440.02980885319
1529,102170.0,122446.28404557583
1530,102170.0,122452.68063945437
1531,102170.0,122458.82898854927
1532,102170.0,122464.9751971762
1533,102170.0,122471.2478532058
1534,102170.0,122477.60411096938
1535,102170.0,122483.72309207077
1536,102170.0,122489.7100964555
1537,102170.0,122495.76353792846
1538,102170.0,122501.62373525611
1539,102170.0,122507.48053788689
1540,102170.0,122513.52383190182
1541,98140.0,118489.59966700393
1542,98140.0,118495.16749329229
1543,98140.0,118500.6265656587
1544,98140.0,118506.09655458097
1545,98140.0,118511.46014051103
1546,98140.0,118516.85596729122
1547,98140.0,118522.22952154078
1548,98140.0,118527.61280120564
1549,98140.0,118533.02595728227
1550,98140.0,118538.43224859617
1551,98140.0,118543.76647804736
1552,98140.0,118549.0997621012
1553,98140.0,118554.4332860995
1554,98140.0,118559.76586450872
1555,98140.0,118565.09512598433
1556,98140.0,118570.64041548337
1557,98140.0,118575.97372288926
1558,98140.0,118581.32031354443
1559,98140.0,118586.6351283209
1560,98140.0,118591.93713677749
1561,98140.0,118597.16229752773
1562,98140.0,118602.41259390264
1563,98140.0,118607.55519451271
1564,98140.0,118612.82492819
1565,98140.0,118618.00475025462
1566,98140.0,118623.1753090817
1567,98140.0,118628.34609329341
1568,98140.0,118633.44948474235
1569,98140.0,118638.65156150225
1570,98140.0,118643.7162455374
1571,94125.0,114633.48480013321
1572,94125.0,114638.2512604312
1573,94115.0,114633.0427213339
1574,94115.0,114637.83438251965
1575,94115.0,114642.77641955989
1576,94115.0,114647.57192689752
1577,94115.0,114652.26215906505
1578,94115.0,114657.08443321146
1579,94115.0,114661.76817511056
1580,94115.0,114666.44981510515
1581,94115.0,114671.1316462511
1582,94115.0,114675.79876130911
1583,94115.0,114680.32042805427
1584,94115.0,114684.70236309782
1585,94115.0,114688.60852406031
1586,94115.0,114692.09276398727
1587,94115.0,114696.64030546536
1588,94115.0,114701.18802725348
1589,94115.0,114704.87108240103
1590,94115.0,114708.96719334739
1591,98115.0,118713.51849514958
1592,98115.0,118718.14476096533
1593,98115.0,118722.9314765621
1594,98115.0,118727.54267522064
1595,98115.0,118732.15405297815
1596,98115.0,118736.83922377707
1597,98115.0,118741.47708471716
1598,98115.0,118746.23624311872
1599,98115.0,118750.94690631049
1600,98115.0,118755.66725645002
1601,98115.0,118760.32722883316
1602,98115.0,118764.98975928017
1603,98115.0,118769.49214004194
1604,98115.0,118774.25954745644
1605,98115.0,118778.79909965635
1606,98115.0,118783.32100853807
1607,98115.0,118787.84308956887
1608,98115.0,118792.36415487685
1609,98115.0,118796.99824500253
1610,98115.0,118801.54341815539
1611,98115.0,118806.08520116027
1612,98115.0,118810.60458464132
1613,98115.0,118815.36770177912
1614,98115.0,118820.01575896361
1615,97815.0,118524.49937115976
1616,97815.0,118528.98315297098
1617,97815.0,118533.59037454614
1618,97815.0,118538.037754857
1619,96015.0,116742.4574569664
1620,96015.0,116746.82129002614
1621,96015.0,116751.18411873776
1622,96015.0,116755.55178053564
1623,96015.0,116759.91843817223
1624,96015.0,116764.26540993569
1625,96015.0,116768.67209331226
1626,96015.0,116773.01355254068
1627,96015.0,116777.36217956537
1628,96015.0,116781.74249842073
1629,96015.0,116786.11480685987
1630,96015.0,116790.48611113708
1631,96015.0,116794.89144827319
1632,51015.0,71797.60170542536
1633,51015.0,71800.28262787304
1634,100929.0,121718.80796490113
1635,100929.0,121723.42597647532
1636,100929.0,121728.0283392115
1637,100929.0,121732.62965868272
1638,100929.0,121737.2372387153
1639,100929.0,121741.90464439103
1640,100929.0,121746.58196836748
1641,100929.0,121751.27529910236
1642,100929.0,121755.99194350744
1643,100929.0,121760.70755307541
1644,100929.0,121765.42334527893
1645,100929.0,121770.1758497521
1646,100929.0,121774.91149189089
1647,100929.0,121779.63635845677
1648,100929.0,121784.35775495839
1649,100929.0,121789.07568097781
1650,100929.0,121793.79866133272
1651,100929.0,121798.5218248448
1652,100929.0,121803.27562115162
1653,100929.0,121808.31218659856
1654,100929.0,121813.0554022751
1655,100929.0,121817.82316526354
1656,100929.0,121822.5972057534
1657,98929.0,119827.29065688595
1658,98929.0,119831.98309358807
1659,98929.0,119836.66373084771
1660,98929.0,119841.414056198
1661,98929.0,119846.16456985119
1662,98929.0,119850.91766873802
1663,94829.0,115755.50256258689
1664,94829.0,115760.11194669893
1665,94829.0,115764.71919915441
1666,94829.0,115769.54774559221
1667,94829.0,115774.18663137038
1668,94829.0,115778.86622399402
1669,94829.0,115783.5946328906
1670,94829.0,115788.31397220783
1671,94829.0,115793.03466176848
1672,94829.0,115797.75438586129
1673,94829.0,115802.50672570129
1674,94829.0,115807.28705317892
1675,94829.0,115812.06526184274
1676,94829.0,115816.89346684351
1677,94829.0,115821.69639341558
1678,94829.0,115826.53194924
1679,94829.0,115831.36654868357
1680,94829.0,115836.23262439227
1681,94829.0,115841.124388496
1682,94829.0,115846.0951311435
1683,94929.0,115951.0866105389
1684,94829.0,115856.51191692486
1685,94829.0,115861.49606406753
1686,94829.0,115866.47926701324
1687,94829.0,115872.01652605741
1688,94829.0,115877.14965638952
1689,94829.0,115882.3166184927
1690,94829.0,115887.4397757104
1691,94829.0,115892.54461743252
1692,94829.0,115897.64620724658
1693,94829.0,115902.74686265616
1694,94829.0,115908.0760709569
1695,94829.0,115913.35568382194
1696,94829.0,115918.68769818339
1697,94829.0,115923.98865977183
1698,94829.0,115929.3443480479
1699,94829.0,115934.69680587645
1700,94829.0,115940.04951082797
1701,94829.0,115945.40362231438
1702,94829.0,115950.78696740457
1703,94829.0,115956.18679555364
1704,94829.0,115961.5799178015
1705,94829.0,115966.97329088347
1706,94829.0,115972.36691481122
1707,94829.0,115977.76078959643
1708,94829.0,115983.15375547315
1709,94829.0,115988.54581229124
1710,94829.0,115993.93695990059
1711,94829.0,115999.32835809048
1712,94829.0,116004.8592060666
1713,94829.0,116010.36711678171
1714,94829.0,116015.7592786453
1715,94829.0,116021.37560155198
1716,94829.0,116026.97363292475
1717,94829.0,116032.37932962632
1718,94829.0,116037.81892756929
1719,94829.0,116043.50013918398
1720,94829.0,116048.91124759546
1721,94829.0,116054.32260832694
1722,94829.0,116059.8734865773
1723,94829.0,116065.34106721725
1724,89665.0,110906.57450150221
1725,89665.0,110911.82814593635
1726,89665.0,110917.27835317144
1727,89665.0,110922.5679981761
1728,89665.0,110927.85789544394
1729,89665.0,110933.1314058083
1730,89665.0,110938.57933189163
1731,89665.0,110944.10740129973
1732,89665.0,110949.63463673046
1733,89665.0,110955.21651284905
1734,89665.0,110960.78868382232
1735,89665.0,110966.36113463002
1736,89665.0,110972.03595433844
1737,89665.0,110977.62561578945
1738,89665.0,110983.17782639901
1739,89665.0,110988.70367882299
1740,89665.0,110994.37076203284
1741,89665.0,110999.84833422994
1742,89665.0,111005.32617674523
1743,89665.0,111010.88199332038
1744,89665.0,111016.37814208787
1745,89665.0,111021.98224885648
1746,89665.0,111027.63215753312
1747,89665.0,111033.51107065586
1748,89665.0,111039.20486910356
1749,89665.0,111044.89895952925
1750,89665.0,111050.69217190797
1751,89665.0,111056.5689745377
1752,89665.0,111062.52160663473
1753,89665.0,111068.52120405193
1754,89665.0,111074.55111406809
1755,89665.0,111080.48582733411
1756,89665.0,111086.41974688701
1757,89665.0,111092.81721380024
1758,89665.0,111099.04618806142
1759,89665.0,111105.25662474333
1760,89665.0,111111.54407121573
1761,89665.0,111118.10854123946
1762,89665.0,111124.4733864967
1763,89665.0,111130.83637384282
1764,89665.0,111137.36642178815
1765,89665.0,111143.97687234292
1766,89665.0,111150.24650407828
1767,89665.0,111156.57539911423
1768,89665.0,111162.99135664626
1769,89665.0,111169.30652618523
1770,89665.0,111175.62094279593
1771,89665.0,111182.09581095964
1772,89665.0,111188.34313292326
1773,89665.0,111194.78760929123
1774,89665.0,111201.24913839922
1775,89665.0,111207.76219556126
1776,89665.0,111214.24560809726
1777,89665.0,111220.72828647376
1778,89665.0,111227.27696295528
1779,89665.0,111233.81267774962
1780,89665.0,111240.38770841701
1781,89665.0,111246.96757734996
1782,89665.0,111253.66241985877
1783,89665.0,111260.2475241374
1784,89665.0,111266.83301818836
1785,89665.0,111273.7794065737
1786,89665.0,111280.77964003617
1787,89665.0,111287.66903310368
1788,89665.0,111294.57443296719
1789,86665.0,108301.46305084687
1790,86665.0,108308.27954493128
1791,86665.0,108315.09646804584
1792,86665.0,108322.03621627655
1793,86665.0,108328.89191794868
1794,88165.0,109835.82980905114
1795,88165.0,109842.70882707209
1796,88165.0,109849.56960266542
1797,88165.0,109856.4297082871
1798,89165.0,110863.35269232238
1799,89165.0,110870.26169646217
1800,89165.0,110877.321914727
1801,89165.0,110884.29277195578
1802,89165.0,110891.15096546372
1803,89165.0,110897.93417716828
1804,89165.0,110904.78212460372
1805,89165.0,110911.6293858521
1806,89165.0,110918.28297449896
1807,89165.0,110924.95360003704
1808,89165.0,110931.60687875397
1809,89165.0,110938.20509073112
1810,89165.0,110944.87469562117
1811,89165.0,110951.66674085004
1812,89165.0,110958.4592018879
1813,88165.0,109964.98743561072
1814,88165.0,109971.48306741854
1815,100165.0,121978.65377090807
1816,100165.0,121986.14204046306
1817,100165.0,121993.51244316515
1818,100165.0,122001.00650463453
1819,95165.0,117008.19387646411
1820,95165.0,117015.3863701417
1821,95165.0,117022.50675640232
1822,95165.0,117029.64395908939
1823,95165.0,117036.93256531516
1824,95165.0,117044.34568462386
1825,95165.0,117051.73118283655
1826,95165.0,117059.11597655687
1827,95165.0,117066.36778879163
1828,95165.0,117073.61068496673
1829,95165.0,117080.70651651034
1830,95165.0,117087.7290172872
1831,95165.0,117094.86434349352
1832,95165.0,117102.08792567487
1833,95165.0,117109.311953479
1834,95165.0,117116.21554741866
1835,95165.0,117123.41819467483
1836,95165.0,117130.70678498909
1837,94665.0,116637.94955188043
1838,94665.0,116645.19276854761
1839,94665.0,116652.43526856661
1840,94665.0,116659.67821827243
1841,94665.0,116666.921617693
1842,94665.0,116674.16430018703
1843,94665.0,116681.40743230678
1844,94665.0,116688.29280215935
1845,94665.0,116695.22058610302
1846,94665.0,116702.49536615435
1847,94665.0,116709.73325491697
1848,94665.0,116716.88989576016
1849,94665.0,116724.10416672462
1850,94665.0,116731.314214639
1851,94665.0,116738.46634226093
1852,94665.0,116745.53485639795
1853,94665.0,116752.55126304281
1854,94665.0,116759.56809137372
1855,94665.0,116766.53396720605
1856,94665.0,116773.60768383379
1857,94665.0,116780.55104254668
1858,94665.0,116787.48196825106
1859,94665.0,116794.37359756201
1860,94665.0,116801.25745794184
1861,94665.0,116808.13938803127
1862,94665.0,116815.23781866187
1863,94665.0,116822.08669605518
1864,94665.0,116828.91261058082
1865,94665.0,116835.68985580136
1866,94665.0,116842.52474365792
1867,94665.0,116849.27824158811
1868,94665.0,116855.84517102528
1869,90665.0,112862.4494950847
1870,90665.0,112869.1546532092
1871,90665.0,112876.15028341461
1872,90665.0,112882.9612303227
1873,90665.0,112889.57165653235
1874,90665.0,112896.16327862137
1875,90665.0,112902.75189871031
1876,90665.0,112909.46058022813
1877,90665.0,112916.16627309199
1878,90665.0,112922.90059324852
1879,90465.0,112729.64705884902
1880,90465.0,112736.37363688902
1881,90465.0,112743.10738048636
1882,90465.0,112749.8415262902
1883,90465.0,112756.59749679445
1884,90465.0,112763.33695862684
1885,90465.0,112770.13997074556
1886,90465.0,112776.94113788719
1887,90465.0,112783.7810593672
1888,90423.0,112748.6233580597
1889,90423.0,112755.4660720113
1890,90423.0,112762.30807369255
1891,90423.0,112769.09298176934
1892,90423.0,112775.88055347592
1893,90423.0,112782.63244544466
1894,90423.0,112789.4321103548
1895,90423.0,112796.22880153377
1896,90423.0,112802.9920634127
1897,90423.0,112809.93734363405
1898,90423.0,112816.58636134109
1899,90423.0,112823.25156526332
1900,90423.0,112830.01080626459
1901,90423.0,112836.72644850778
1902,90423.0,112843.44700393504
1903,90423.0,112850.16683120413
1904,90423.0,112857.03263535415
1905,90423.0,112863.80631445292
1906,44863.0,67307.8297359944
1907,82411.0,104861.97638473353
